INDEX,A,C,D,E,F,G,H,I,K,L,M,N,P,Q,R,S,T,V,W,Y
BIOV880101,16,168,-78,-106,189,-13,50,151,-141,145,124,-74,-20,-73,-70,-70,-38,123,145,53
BIOV880102,44,90,-91,-139,148,-8,47,100,-188,108,121,-72,-36,-117,-68,-60,-54,117,163,22
CHOC760101,115,135,150,190,210,75,195,175,200,170,185,160,145,180,225,115,140,155,255,230
DAYM780201,100,20,106,102,41,49,66,96,56,40,94,134,56,93,65,120,97,74,18,41
FASG760103,1.8,-16.5,5.05,12,-34.5,0,-38.5,12.4,14.6,-11,-10,-5.6,-86.2,6.3,12.5,-7.5,-28,5.63,-33.7,-10
GRAR740103,31,55,54,83,132,3,96,111,119,111,105,56,32.5,85,124,32,61,84,170,136
HUTJ700103,154.33,219.79,194.91,223.16,204.74,127.9,242.54,233.21,300.46,232.3,202.65,207.9,179.93,235.51,341.01,174.06,205.8,207.6,237.01,229.15
JUNJ780101,685,241,400,427,303,707,155,394,575,581,132,397,366,313,382,593,490,553,99,292
KHAG800101,49.1,0,0,0,54.7,64.6,75.7,18.9,0,15.6,6.8,-3.6,43.8,20,133,44.4,31,29.5,70.5,0
LEVM760103,121.9,113.7,121.2,118.2,118.2,0,118.2,118.9,122,118.1,113.1,117.5,81.9,118,121.4,117.9,117.1,121.7,118.4,110
NADH010101,58,116,-97,-131,92,-11,-73,107,-24,95,78,-93,-79,-139,-184,-34,-7,100,59,-11
NADH010102,51,137,-78,-115,108,-13,-55,106,-205,103,73,-84,-79,-128,-144,-26,-3,108,69,11
NADH010103,41,169,-47,-90,128,-18,-35,104,-148,103,77,-74,-81,-104,-109,-31,10,116,102,36
NADH010104,32,182,-29,-74,132,-22,-25,106,-124,104,82,-73,-82,-95,-95,-34,20,113,118,44
NADH010107,-2,329,248,117,120,-66,-70,28,115,36,62,-97,-132,-37,-41,-52,174,114,179,-7
RADA880106,93.7,135.2,142.6,182.9,228.6,52.6,188.1,182.2,215.2,173.7,197.6,146.3,0,177.7,250.4,109.5,142.1,157.2,271.6,239.9
ZIMJ680103,0,1.48,49.7,49.9,0.35,0,51.6,0.13,49.5,0.13,1.43,3.38,1.58,3.53,52,1.67,1.66,0.13,2.1,1.61
